Year,Inflation Rate YOY4,Fed Funds Rate*5,Business Cycle,GDP Growth,Events Affecting Inflation8
1929,0.60%,4.42%,August peak,6.52%,Market crash
1930,-6.40%,2.23%,Contraction,-8.50%,Smoot-Hawley
1931,-9.30%,1.40%,Contraction,-6.40%,Dust Bowl
1932,-10.30%,0.88%,Contraction,-12.90%,Hoover tax hikes
1933,0.80%,0.52%,Contraction ended in March,-1.20%,FDR's New Deal
1934,1.50%,0.26%,Expansion,10.80%,U.S. debt rose
1935,3.00%,0.14%,Expansion,8.90%,Social Security
1936,1.40%,0.14%,Expansion,12.90%,FDR tax hikes
1937,2.90%,0.45%,Expansion peaked in May,5.10%,Depression resumes
1938,-2.80%,0.05%,Contraction ended in June,-3.30%,Depression ended
1939,0.00%,0.02%,Expansion,8.00%,Dust Bowl ended
1940,0.70%,0.01%,Expansion,8.80%,Defense increased
1941,9.90%,0.10%,Expansion,17.70%,Pearl Harbor World War II
1942,9.00%,0.33%,Expansion,18.90%,Defense spending
1943,3.00%,0.37%,Expansion,17.00%,Defense spending
1944,2.30%,0.38%,Expansion,8.00%,Bretton Woods
1945,2.20%,0.38%,"Feb. peak, Oct. trough",-1.00%,Truman ended WWII
1946,18.10%,0.38%,Expansion,-11.60%,Budget cuts
1947,8.80%,0.59%,Expansion,-1.10%,Cold War spending
1948,3.00%,1.04%,Nov. peak,4.10%,Marshall Plan  provided Euro Postwar recovery
1949,-2.10%,1.10%,Oct trough,-0.60%,Fair Deal NATO
1950,5.90%,1.22%,Expansion,8.70%,Korean War
1951,6.00%,1.55%,Expansion,8.00%,Price Controls and Wage Freezes
1952,0.80%,1.77%,Expansion,4.10%,Puerto Rico becomes US Commonweath
1953,0.70%,1.93%,July peak,4.70%,Eisenhower ended Korean War
1954,-0.70%,1.25%,May trough,-0.60%,Dow returned to 1929 high
1955,0.40%,2.50%,Expansion,7.10%,Polio Vaccine Passed
1956,3.00%,3.00%,Expansion,2.10%,Unemployment Act requiring gov to pay 50 pct of the cost
1957,2.90%,3.00%,Aug. peak,2.10%,Recession
1958,1.80%,2.50%,April trough,-0.70%,Recession ended
1959,1.70%,4.00%,Expansion,6.90%,Fed raised rates
1960,1.40%,2.00%,April peak,2.60%,Recession
1961,0.70%,2.25%,Feb. trough,2.60%,JFK's deficit spending ended recession
1962,1.30%,3.00%,Expansion,6.10%,Cuban Missile Crisis
1963,1.60%,3.50%,Expansion,4.40%,Nuclear Test Treaty SIgned
1964,1.00%,3.75%,Expansion,5.80%,Economic Opp Act for War on Poverty
1965,1.90%,4.25%,Expansion,6.50%,LBJ Medicare Medicaid
1966,3.50%,5.50%,Expansion,6.60%,Vietnam War
1967,3.00%,4.50%,Expansion,2.70%,Relax Monetary Policy
1968,4.70%,6.00%,Expansion,4.90%,Moon landing
1969,6.20%,9.00%,Dec. peak,3.10%,Nixon took office
1970,5.60%,5.00%,Nov. trough,0.20%,Recession
1971,3.30%,5.00%,Expansion,3.30%,Wage-price controls
1972,3.40%,5.75%,Expansion,5.30%,Stagflation. Arab Oil Embarago
1973,8.70%,9.00%,Nov. peak,5.60%,End of gold standard
1974,12.30%,8.00%,Contraction,-0.50%,Watergate
1975,6.90%,4.75%,March trough,-0.20%,Stop-gap monetary policy confused businesses and kept prices high. Vietnam War ended
1976,4.90%,4.75%,Expansion,5.40%,Recession Recovery
1977,6.70%,6.50%,Expansion,4.60%,Economic Stimulus Appropriations Act
1978,9.00%,10.00%,Expansion,5.50%,Airline Deregulation Act removing gov control over fares. Prices of air fare decrease
1979,13.30%,12.00%,Expansion,3.20%,Paul Voker is Fed Chair. Raise rates to record highs
1980,12.50%,18.00%,Jan. peak,-0.30%,Recession. Congress Passes DIDCMA forcing banks to abide by Fed regulations
1981,8.90%,12.00%,July trough,2.50%,Reagan tax cut
1982,3.80%,8.50%,November,-1.80%,Recession ended
1983,3.80%,9.25%,Expansion,4.60%,Military spending
1984,3.90%,8.25%,Expansion,7.20%,Lowest inflation since 1967
1985,3.80%,7.75%,Expansion,4.20%,short Term rates lowest since 1978
1986,1.10%,6.00%,Expansion,3.50%,Tax cut
1987,4.40%,6.75%,Expansion,3.50%,Black Monday crash
1988,4.40%,9.75%,Expansion,4.20%,Fed raised rates
1989,4.60%,8.25%,Expansion,3.70%,S&L Crisis
1990,6.10%,7.00%,July peak,1.90%,Recession Desert Shield /Desert Storm
1991,3.10%,4.00%,Mar trough,-0.10%,Fed lowered rates Desert Shield /Desert Storm ended
1992,2.90%,3.00%,Expansion,3.50%,NAFTA drafted
1993,2.70%,3.00%,Expansion,2.80%,Balanced Budget Act
1994,2.70%,5.50%,Expansion,4.00%,NAFTA implemented. Removing tarriff barriers between Mexico Canada and US
1995,2.50%,5.50%,Expansion,2.70%,Changes Welfare act requiring people to work to get assistance
1996,3.30%,5.25%,Expansion,3.80%,Welfare reform
1997,1.70%,5.50%,Expansion,4.40%,Fed raised rates
1998,1.60%,4.75%,Expansion,4.50%,LTCM crisis
1999,2.70%,5.50%,Expansion,4.80%,Glass-Steagall repealed
2000,3.40%,6.50%,Expansion,4.10%,Tech bubble burst
2001,1.60%,1.75%,"March peak, Nov. trough",1.00%,Bush tax cut 9/11 attacks
2002,2.40%,1.25%,Expansion,1.70%,War on Terror
2003,1.90%,1.00%,Expansion,2.90%,JGTRRA
2004,3.30%,2.25%,Expansion,3.80%,Consumer adds record debt
2005,3.40%,4.25%,Expansion,3.50%,Katrina Bankruptcy Act
2006,2.50%,5.25%,Expansion,2.90%,Home Prices Fall to 1999 lows.
2007,4.10%,4.25%,Dec peak,1.90%,Bank crisis
2008,0.10%,0.25%,Contraction,-0.10%,Financial crisis Obama President
2009,2.70%,0.25%,June trough,-2.50%,ARRA
2010,1.50%,0.25%,Expansion,2.60%,ACA Dodd-Frank Act
2011,3.00%,0.25%,Expansion,1.60%,Debt ceiling crisis
2012,1.70%,0.25%,Expansion,2.20%,Rep win house and Senate. Hurricne Sandy 82 billion in damage
2013,1.50%,0.25%,Expansion,1.80%,Government shutdown. Sequestration
2014,0.80%,0.25%,Expansion,2.50%,QE ends
2015,0.70%,0.50%,Expansion,3.10%,Deflation in oil and gas prices
2016,2.10%,0.75%,Expansion,1.70%,Brexit. Sanction Free Iran. Trump elected
2017,2.10%,1.50%,Expansion,2.30%,Tax Reform and Cuts